Price,Close,High,Low,Open,Volume
Ticker,TSLA,TSLA,TSLA,TSLA,TSLA
Datetime,,,,,
2025-03-07 14:30:00+00:00,263.3800048828125,265.79998779296875,258.9700012207031,259.2749938964844,13320820
2025-03-07 14:45:00+00:00,262.0150146484375,266.2499084472656,261.81719970703125,263.3800048828125,5097980
2025-03-07 15:00:00+00:00,262.7699890136719,264.3775939941406,260.6300048828125,262.1199951171875,3834836
2025-03-07 15:15:00+00:00,260.9493103027344,264.0799865722656,260.8323974609375,262.75,4283954
2025-03-07 15:30:00+00:00,258.3399963378906,260.8999938964844,256.94000244140625,260.8999938964844,5262436
2025-03-07 15:45:00+00:00,259.0249938964844,261.6000061035156,257.45001220703125,258.8599853515625,3924765
2025-03-07 16:00:00+00:00,258.81500244140625,259.7799987792969,257.6499938964844,258.8900146484375,2386923
2025-03-07 16:15:00+00:00,254.38999938964844,259.0,254.30999755859375,258.2300109863281,4280451
2025-03-07 16:30:00+00:00,253.45399475097656,255.72999572753906,252.52499389648438,254.4199981689453,4225426
2025-03-07 16:45:00+00:00,252.6540985107422,254.2335968017578,250.72999572753906,253.3300018310547,4424833
2025-03-07 17:00:00+00:00,253.80999755859375,255.11000061035156,252.30999755859375,252.8300018310547,3930717
2025-03-07 17:15:00+00:00,256.0400085449219,256.0950012207031,252.8300018310547,253.85000610351562,2565015
2025-03-07 17:30:00+00:00,258.135009765625,258.29998779296875,254.89999389648438,256.0899963378906,3361603
2025-03-07 17:45:00+00:00,256.7900085449219,261.1600036621094,256.70001220703125,258.1099853515625,4039074
2025-03-07 18:00:00+00:00,261.17999267578125,262.0,256.5799865722656,256.864990234375,3767880
2025-03-07 18:15:00+00:00,260.2049865722656,262.8699951171875,259.82000732421875,261.2438049316406,2717132
2025-03-07 18:30:00+00:00,262.5137023925781,263.69000244140625,259.6715087890625,260.2699890136719,2678521
2025-03-07 18:45:00+00:00,263.3959045410156,264.07000732421875,262.4700012207031,262.6317138671875,2115294
2025-03-07 19:00:00+00:00,263.0,264.1099853515625,261.3500061035156,263.42498779296875,2514154
2025-03-07 19:15:00+00:00,263.1217956542969,264.2684020996094,262.5299987792969,263.0400085449219,2355262
2025-03-07 19:30:00+00:00,261.0,263.56939697265625,260.5899963378906,263.1499938964844,2137581
2025-03-07 19:45:00+00:00,260.5899963378906,261.1188049316406,259.2300109863281,261.05999755859375,2818739
2025-03-07 20:00:00+00:00,261.8599853515625,262.769287109375,260.0899963378906,260.54998779296875,2224408
2025-03-07 20:15:00+00:00,261.68609619140625,262.39990234375,260.5199890136719,260.67999267578125,2039570
2025-03-07 20:30:00+00:00,260.30999755859375,261.94000244140625,258.4599914550781,261.5199890136719,3234153
2025-03-07 20:45:00+00:00,262.6300048828125,263.5,260.010009765625,260.2200012207031,4873627
2025-03-10 13:30:00+00:00,248.92599487304688,253.3699951171875,246.0500030517578,252.5675048828125,16534501
2025-03-10 13:45:00+00:00,243.89500427246094,249.52000427246094,243.38999938964844,248.8699951171875,8344988
2025-03-10 14:00:00+00:00,241.85000610351562,243.9600067138672,240.2899932861328,243.92999267578125,8445546
2025-03-10 14:15:00+00:00,239.72999572753906,242.6199951171875,238.88999938964844,241.80999755859375,7602542
2025-03-10 14:30:00+00:00,239.9550018310547,241.10000610351562,237.60000610351562,239.89999389648438,8275900
2025-03-10 14:45:00+00:00,238.89999389648438,241.49000549316406,237.83999633789062,239.91000366210938,4670942
2025-03-10 15:00:00+00:00,240.37049865722656,240.8000030517578,238.83770751953125,238.83770751953125,3442463
2025-03-10 15:15:00+00:00,240.16000366210938,241.11000061035156,239.1999969482422,240.32009887695312,3106090
2025-03-10 15:30:00+00:00,240.16000366210938,243.1092987060547,239.8800048828125,240.14999389648438,4601419
2025-03-10 15:45:00+00:00,238.69410705566406,242.25,238.33999633789062,240.58999633789062,3639328
2025-03-10 16:00:00+00:00,236.7899932861328,239.44000244140625,235.3000030517578,238.67999267578125,6205395
2025-03-10 16:15:00+00:00,234.3000030517578,237.0500030517578,233.02999877929688,236.7899932861328,6105123
2025-03-10 16:30:00+00:00,230.89300537109375,234.94949340820312,230.3300018310547,234.3300018310547,6774229
2025-03-10 16:45:00+00:00,230.9705047607422,232.38099670410156,230.11000061035156,230.8957061767578,4707824
2025-03-10 17:00:00+00:00,228.41099548339844,231.29469299316406,225.58999633789062,230.93499755859375,10351748
2025-03-10 17:15:00+00:00,227.0500030517578,230.8800048828125,227.0,228.18499755859375,5992406
2025-03-10 17:30:00+00:00,227.36000061035156,228.85000610351562,226.50999450683594,227.15989685058594,4267361
2025-03-10 17:45:00+00:00,225.75999450683594,228.67999267578125,225.02999877929688,227.38499450683594,5054246
2025-03-10 18:00:00+00:00,226.00390625,227.32000732421875,224.1300048828125,225.73500061035156,5770188
2025-03-10 18:15:00+00:00,225.99920654296875,227.5,225.1300048828125,226.0825958251953,3522743
2025-03-10 18:30:00+00:00,225.58999633789062,227.10000610351562,225.22000122070312,226.02999877929688,3943585
2025-03-10 18:45:00+00:00,222.83999633789062,226.3000030517578,222.6501007080078,225.62420654296875,4706848
2025-03-10 19:00:00+00:00,222.80999755859375,223.44619750976562,220.66000366210938,222.8300018310547,7109759
2025-03-10 19:15:00+00:00,221.5800018310547,223.4467010498047,221.35000610351562,223.08999633789062,7536680
2025-03-10 19:30:00+00:00,220.93499755859375,224.8000030517578,220.89999389648438,221.57000732421875,8485436
2025-03-10 19:45:00+00:00,222.0800018310547,223.89999389648438,220.19000244140625,220.92999267578125,13097390
2025-03-11 13:30:00+00:00,230.8699951171875,231.67999267578125,222.0,225.2700958251953,28653408
2025-03-11 13:45:00+00:00,232.89999389648438,236.2895965576172,229.49009704589844,230.99249267578125,11449290
2025-03-11 14:00:00+00:00,230.7100067138672,235.8000030517578,227.11000061035156,232.84500122070312,10596239
2025-03-11 14:15:00+00:00,222.6501007080078,231.86000061035156,222.5717010498047,230.75,8155153
2025-03-11 14:30:00+00:00,223.11599731445312,225.5800018310547,220.39999389648438,222.60000610351562,8582950
2025-03-11 14:45:00+00:00,223.9499969482422,226.41949462890625,218.02999877929688,223.10000610351562,9474429
2025-03-11 15:00:00+00:00,229.39329528808594,230.5500030517578,223.16000366210938,223.92999267578125,6494047
2025-03-11 15:15:00+00:00,228.39999389648438,230.98989868164062,227.64010620117188,229.37010192871094,4812612
2025-03-11 15:30:00+00:00,231.52999877929688,232.6999969482422,228.07000732421875,228.38999938964844,5184259
2025-03-11 15:45:00+00:00,227.58999633789062,232.33999633789062,227.35000610351562,231.60800170898438,4015578
2025-03-11 16:00:00+00:00,226.6199951171875,229.27349853515625,225.91000366210938,227.58999633789062,4106444
2025-03-11 16:15:00+00:00,228.23500061035156,229.28990173339844,226.3419952392578,226.70640563964844,2974572
2025-03-11 16:30:00+00:00,229.3986053466797,230.4499053955078,227.5,228.3300018310547,3038699
2025-03-11 16:45:00+00:00,227.3000030517578,230.11000061035156,226.3914031982422,229.39999389648438,3080817
2025-03-11 17:00:00+00:00,225.625,227.6999969482422,225.0,227.3031005859375,3050723
2025-03-11 17:15:00+00:00,223.80999755859375,227.49000549316406,223.5500030517578,225.60850524902344,3304920
2025-03-11 17:30:00+00:00,226.5500030517578,226.6898956298828,223.5800018310547,223.75,3028384
2025-03-11 17:45:00+00:00,228.2550048828125,228.69000244140625,226.0399932861328,226.49000549316406,3433997
2025-03-11 18:00:00+00:00,232.96409606933594,233.14999389648438,228.14999389648438,228.2899932861328,4758008
2025-03-11 18:15:00+00:00,233.22799682617188,234.44000244140625,231.3800048828125,231.97000122070312,3901213
2025-03-11 18:30:00+00:00,234.8350067138672,234.94000244140625,231.53160095214844,233.1699981689453,3781916
2025-03-11 18:45:00+00:00,235.03750610351562,237.0648956298828,234.22000122070312,234.89999389648438,6330729
2025-03-11 19:00:00+00:00,233.51499938964844,235.70989990234375,232.25999450683594,235.0800018310547,5400517
2025-03-11 19:15:00+00:00,232.6820068359375,233.7899932861328,230.82000732421875,233.50999450683594,4734971
2025-03-11 19:30:00+00:00,233.125,233.58999633789062,231.55999755859375,232.72999572753906,3918916
2025-03-11 19:45:00+00:00,230.5,234.99000549316406,229.6199951171875,233.11000061035156,7943440
2025-03-12 13:30:00+00:00,248.77000427246094,251.69000244140625,244.3000030517578,244.73089599609375,28509369
2025-03-12 13:45:00+00:00,246.67999267578125,250.65989685058594,245.2100067138672,248.8699951171875,8926778
2025-03-12 14:00:00+00:00,247.1300048828125,250.85000610351562,245.3800048828125,246.6699981689453,7156853
2025-03-12 14:15:00+00:00,246.89500427246094,248.64999389648438,245.38999938964844,247.11000061035156,5765680
2025-03-12 14:30:00+00:00,243.39999389648438,247.24839782714844,242.76010131835938,247.0,6344470
2025-03-12 14:45:00+00:00,244.22999572753906,247.36000061035156,242.8000030517578,243.35000610351562,5299338
2025-03-12 15:00:00+00:00,241.9499969482422,244.8699951171875,241.10000610351562,244.30999755859375,5664496
2025-03-12 15:15:00+00:00,244.8206024169922,245.41859436035156,241.52999877929688,241.97000122070312,4101588
2025-03-12 15:30:00+00:00,246.7899932861328,247.1300048828125,244.52999877929688,244.8800048828125,3300549
2025-03-12 15:45:00+00:00,246.86990356445312,247.5800018310547,245.55999755859375,246.8000030517578,3520214
2025-03-12 16:00:00+00:00,249.94500732421875,249.99000549316406,245.47999572753906,246.86000061035156,3963184
2025-03-12 16:15:00+00:00,249.3000030517578,249.99000549316406,248.50999450683594,249.9199981689453,3212262
2025-03-12 16:30:00+00:00,247.92849731445312,251.83999633789062,247.39999389648438,249.30999755859375,5006460
2025-03-12 16:45:00+00:00,247.7100067138672,249.7799072265625,247.60000610351562,247.875,3084773
2025-03-12 17:00:00+00:00,249.77000427246094,249.77000427246094,247.47000122070312,247.75,2529949
2025-03-12 17:15:00+00:00,250.23989868164062,250.9792022705078,249.10000610351562,249.75,3068343
2025-03-12 17:30:00+00:00,249.5449981689453,251.10000610351562,249.14999389648438,250.10000610351562,2778533
2025-03-12 17:45:00+00:00,245.77999877929688,250.5,245.75,249.47500610351562,3250895
2025-03-12 18:00:00+00:00,248.3892059326172,248.67999267578125,245.75030517578125,246.77999877929688,2993228
2025-03-12 18:15:00+00:00,249.36990356445312,249.5,248.19009399414062,248.34500122070312,2202585
2025-03-12 18:30:00+00:00,249.32000732421875,249.5,248.42999267578125,249.42999267578125,2004689
2025-03-12 18:45:00+00:00,249.24000549316406,249.82000732421875,247.68490600585938,249.3300018310547,2544896
2025-03-12 19:00:00+00:00,248.80999755859375,249.3300018310547,247.5800018310547,249.1300048828125,2299520
2025-03-12 19:15:00+00:00,247.70350646972656,249.014892578125,247.4499969482422,248.8000030517578,2498946
2025-03-12 19:30:00+00:00,246.9250030517578,248.3800048828125,245.97999572753906,247.7200927734375,3750766
2025-03-12 19:45:00+00:00,248.27999877929688,248.35000610351562,246.10000610351562,246.93499755859375,6653777
2025-03-13 13:30:00+00:00,239.25999450683594,248.2899932861328,238.72000122070312,248.125,17305569
2025-03-13 13:45:00+00:00,236.11000061035156,240.5299072265625,235.6999969482422,240.1300048828125,8141764
2025-03-13 14:00:00+00:00,237.70750427246094,238.13999938964844,234.0,236.02000427246094,8409671
2025-03-13 14:15:00+00:00,239.4600067138672,241.82000732421875,237.14010620117188,237.75999450683594,7080909
2025-03-13 14:30:00+00:00,237.25999450683594,240.6999969482422,236.6699981689453,239.46749877929688,4404297
2025-03-13 14:45:00+00:00,237.02000427246094,239.69000244140625,236.4499969482422,237.2301025390625,4104019
2025-03-13 15:00:00+00:00,236.57000732421875,238.35000610351562,236.02999877929688,237.04690551757812,3245250
2025-03-13 15:15:00+00:00,236.14999389648438,237.8000030517578,235.6999969482422,236.63999938964844,2925598
2025-03-13 15:30:00+00:00,236.14599609375,236.44000244140625,233.52999877929688,236.1300048828125,5006996
2025-03-13 15:45:00+00:00,234.35499572753906,236.1699981689453,233.8800048828125,235.72000122070312,3046482
2025-03-13 16:00:00+00:00,234.88499450683594,235.99000549316406,234.1300048828125,234.4199981689453,2720714
2025-03-13 16:15:00+00:00,235.3699951171875,236.0,234.6800994873047,234.89999389648438,1974416
2025-03-13 16:30:00+00:00,236.8699951171875,238.49000549316406,234.8800048828125,235.39999389648438,3600110
2025-03-13 16:45:00+00:00,237.1645050048828,237.29989624023438,234.60009765625,236.8300018310547,3040166
2025-03-13 17:00:00+00:00,236.3000030517578,238.17999267578125,235.66000366210938,237.09500122070312,2198425
2025-03-13 17:15:00+00:00,236.07000732421875,236.44000244140625,235.00999450683594,236.3000030517578,1891197
2025-03-13 17:30:00+00:00,236.77000427246094,237.36990356445312,235.4499969482422,236.02999877929688,1694350
2025-03-13 17:45:00+00:00,238.0695037841797,239.27999877929688,236.69000244140625,236.75,2760319
2025-03-13 18:00:00+00:00,240.87950134277344,241.33999633789062,237.875,238.0,3619713
2025-03-13 18:15:00+00:00,240.7100067138672,241.00990295410156,239.58999633789062,240.94000244140625,2571876
2025-03-13 18:30:00+00:00,241.83909606933594,242.1497039794922,240.17300415039062,240.75,2540170
2025-03-13 18:45:00+00:00,241.3699951171875,241.97000122070312,239.80650329589844,241.83999633789062,2715385
2025-03-13 19:00:00+00:00,240.76499938964844,242.60000610351562,240.03399658203125,241.3300018310547,2692865
2025-03-13 19:15:00+00:00,239.7100067138672,241.5,239.27000427246094,240.83999633789062,2432972
2025-03-13 19:30:00+00:00,239.0800018310547,240.64999389648438,238.63999938964844,239.89999389648438,2581598
2025-03-13 19:45:00+00:00,240.69000244140625,240.92999267578125,238.1510009765625,239.1300048828125,4579509
2025-03-14 13:30:00+00:00,245.6999969482422,250.639892578125,245.16000366210938,247.30999755859375,13080784
2025-03-14 13:45:00+00:00,243.24000549316406,246.49000549316406,243.02000427246094,245.6999969482422,6594775
2025-03-14 14:00:00+00:00,241.82000732421875,244.6999969482422,241.1199951171875,243.00999450683594,6656921
2025-03-14 14:15:00+00:00,241.0399932861328,243.3300018310547,240.74000549316406,241.72000122070312,4440736
2025-03-14 14:30:00+00:00,242.4051971435547,244.0,240.8800048828125,241.1300048828125,4138573
2025-03-14 14:45:00+00:00,245.4499969482422,245.47999572753906,242.35000610351562,242.36000061035156,3639804
2025-03-14 15:00:00+00:00,245.78269958496094,246.47999572753906,245.07000732421875,245.46499633789062,3956414
2025-03-14 15:15:00+00:00,248.5950927734375,248.72999572753906,245.85000610351562,245.85000610351562,4110665
2025-03-14 15:30:00+00:00,249.27000427246094,249.75999450683594,248.11000061035156,248.5800018310547,3355646
2025-03-14 15:45:00+00:00,249.0749969482422,249.67999267578125,248.2801055908203,249.22999572753906,3457436
2025-03-14 16:00:00+00:00,247.10000610351562,249.0780029296875,246.6999969482422,249.0399932861328,2774007
2025-03-14 16:15:00+00:00,246.80999755859375,248.52999877929688,246.410400390625,247.02000427246094,2431507
2025-03-14 16:30:00+00:00,248.64999389648438,248.76849365234375,246.42149353027344,246.7899932861328,2020310
2025-03-14 16:45:00+00:00,248.89999389648438,249.1999969482422,247.92999267578125,248.5872039794922,2110592
2025-03-14 17:00:00+00:00,248.85000610351562,249.5800018310547,247.77000427246094,248.83999633789062,1979126
2025-03-14 17:15:00+00:00,247.981201171875,249.66000366210938,247.72000122070312,248.80999755859375,2099719
2025-03-14 17:30:00+00:00,247.88720703125,248.89999389648438,247.4199981689453,247.99000549316406,1764260
2025-03-14 17:45:00+00:00,248.63999938964844,249.35000610351562,247.5500946044922,247.85000610351562,1733789
2025-03-14 18:00:00+00:00,249.04989624023438,249.89999389648438,248.63999938964844,248.6898956298828,2337138
2025-03-14 18:15:00+00:00,249.10000610351562,249.6199951171875,248.3300018310547,249.0500030517578,1924825
2025-03-14 18:30:00+00:00,251.4149932861328,251.55999755859375,249.0,249.11500549316406,3324098
2025-03-14 18:45:00+00:00,249.86000061035156,251.5800018310547,249.11000061035156,251.47630310058594,2730817
2025-03-14 19:00:00+00:00,250.5500030517578,251.0,249.3125,249.75,2240815
2025-03-14 19:15:00+00:00,248.50680541992188,250.72999572753906,248.0,250.5850067138672,2762402
2025-03-14 19:30:00+00:00,248.1999969482422,249.3249969482422,247.7899932861328,248.50999450683594,2826153
2025-03-14 19:45:00+00:00,249.98049926757812,250.32989501953125,247.83999633789062,248.16000366210938,5530829
2025-03-17 13:30:00+00:00,243.24009704589844,245.01499938964844,238.86529541015625,244.97000122070312,14643086
2025-03-17 13:45:00+00:00,243.63999938964844,244.75,241.36129760742188,243.24000549316406,5451835
2025-03-17 14:00:00+00:00,242.6121063232422,243.97999572753906,240.8300018310547,243.72000122070312,5116968
2025-03-17 14:15:00+00:00,237.33799743652344,242.77830505371094,237.1999969482422,242.6199951171875,5526097
2025-03-17 14:30:00+00:00,240.16000366210938,240.22000122070312,236.8000030517578,237.3800048828125,5320726
2025-03-17 14:45:00+00:00,236.68930053710938,240.44000244140625,236.15069580078125,240.1649932861328,4435814
2025-03-17 15:00:00+00:00,236.16000366210938,237.5800018310547,234.39999389648438,236.7899932861328,5496517
2025-03-17 15:15:00+00:00,235.60000610351562,236.9199981689453,235.27029418945312,236.16000366210938,2854212
2025-03-17 15:30:00+00:00,234.25999450683594,236.1300048828125,233.60000610351562,235.60000610351562,4214587
2025-03-17 15:45:00+00:00,234.39939880371094,235.3699951171875,233.51400756835938,234.3000030517578,3301877
2025-03-17 16:00:00+00:00,235.09109497070312,236.10000610351562,233.72999572753906,234.40499877929688,3045900
2025-03-17 16:15:00+00:00,233.3699951171875,235.34500122070312,233.02000427246094,235.08770751953125,3440775
2025-03-17 16:30:00+00:00,233.23590087890625,234.52000427246094,232.8000946044922,233.39999389648438,3011075
2025-03-17 16:45:00+00:00,233.97300720214844,234.3699951171875,232.82000732421875,233.25999450683594,2173633
2025-03-17 17:00:00+00:00,235.3000030517578,235.39999389648438,233.33009338378906,233.92999267578125,2440765
2025-03-17 17:15:00+00:00,236.35499572753906,236.7093963623047,234.5601043701172,235.3719024658203,3057969
2025-03-17 17:30:00+00:00,237.42999267578125,237.72869873046875,235.79010009765625,236.35569763183594,3120863
2025-03-17 17:45:00+00:00,236.79989624023438,237.67999267578125,236.5500030517578,237.46499633789062,2095467
2025-03-17 18:00:00+00:00,237.89999389648438,238.16000366210938,236.17999267578125,236.77000427246094,2735706
2025-03-17 18:15:00+00:00,239.2949981689453,239.32000732421875,237.61000061035156,237.89999389648438,2711839
2025-03-17 18:30:00+00:00,239.5399932861328,239.89999389648438,238.9600067138672,239.2899932861328,2390860
2025-03-17 18:45:00+00:00,239.75,240.4199981689453,239.3000946044922,239.52999877929688,2531347
2025-03-17 19:00:00+00:00,238.48500061035156,240.0,238.39999389648438,239.7790069580078,2711592
2025-03-17 19:15:00+00:00,237.45010375976562,238.87899780273438,237.27999877929688,238.47459411621094,2473668
2025-03-17 19:30:00+00:00,238.96099853515625,239.17999267578125,237.14059448242188,237.4499969482422,2680568
2025-03-17 19:45:00+00:00,237.8000030517578,239.89999389648438,237.22000122070312,238.9949951171875,5024160
2025-03-18 13:30:00+00:00,223.6177978515625,230.10000610351562,223.17999267578125,228.19000244140625,19324923
2025-03-18 13:45:00+00:00,223.9091033935547,226.10000610351562,222.52999877929688,223.606201171875,6954976
2025-03-18 14:00:00+00:00,222.47999572753906,224.75399780273438,222.3000030517578,223.92999267578125,5836892
2025-03-18 14:15:00+00:00,225.08999633789062,225.52999877929688,222.27999877929688,222.55999755859375,5505149
2025-03-18 14:30:00+00:00,223.8527069091797,226.44000244140625,223.6699981689453,225.0500030517578,4631765
2025-03-18 14:45:00+00:00,224.58999633789062,225.1699981689453,223.24000549316406,223.86940002441406,3474292
2025-03-18 15:00:00+00:00,227.15499877929688,227.3000030517578,223.0500030517578,224.57000732421875,4284661
2025-03-18 15:15:00+00:00,227.9199981689453,228.8800048828125,226.8699951171875,227.08999633789062,4632860
2025-03-18 15:30:00+00:00,228.11000061035156,229.4600067138672,227.55999755859375,227.9199981689453,3651785
2025-03-18 15:45:00+00:00,228.52999877929688,228.98989868164062,226.91009521484375,228.05499267578125,3009722
2025-03-18 16:00:00+00:00,229.08999633789062,229.5500030517578,228.22000122070312,228.5800018310547,2635084
2025-03-18 16:15:00+00:00,229.1699981689453,229.39999389648438,228.1300048828125,229.0800018310547,2046095
2025-03-18 16:30:00+00:00,227.0648956298828,229.24000549316406,226.9600067138672,229.19000244140625,2335588
2025-03-18 16:45:00+00:00,228.1699981689453,228.5,226.1300048828125,227.02349853515625,2777479
2025-03-18 17:00:00+00:00,228.73069763183594,228.8300018310547,227.5258026123047,228.1699981689453,1927998
2025-03-18 17:15:00+00:00,226.99549865722656,228.75999450683594,226.41000366210938,228.6999969482422,2318666
2025-03-18 17:30:00+00:00,226.4199981689453,227.49920654296875,226.22000122070312,226.9550018310547,1959018
2025-03-18 17:45:00+00:00,225.18789672851562,227.31430053710938,224.72999572753906,226.4600067138672,2818864
2025-03-18 18:00:00+00:00,223.45089721679688,225.32000732421875,223.30059814453125,225.1699981689453,3454132
2025-03-18 18:15:00+00:00,225.13999938964844,225.67999267578125,223.39999389648438,223.4550018310547,2643598
2025-03-18 18:30:00+00:00,225.7949981689453,226.73989868164062,225.125,225.13499450683594,2400409
2025-03-18 18:45:00+00:00,227.0500030517578,227.9698944091797,225.69000244140625,225.8000030517578,2467095
2025-03-18 19:00:00+00:00,226.8800048828125,227.4499969482422,226.31619262695312,227.0,2161903
2025-03-18 19:15:00+00:00,226.41720581054688,227.08920288085938,225.5500030517578,226.86000061035156,2592789
2025-03-18 19:30:00+00:00,224.77960205078125,226.86000061035156,224.72000122070312,226.4257049560547,2615994
2025-03-18 19:45:00+00:00,225.47999572753906,225.8800048828125,224.75999450683594,225.27499389648438,4128242
2025-03-19 13:30:00+00:00,231.54220581054688,234.1300048828125,230.2801055908203,231.63999938964844,13872952
2025-03-19 13:45:00+00:00,229.8300018310547,232.8800048828125,229.2010040283203,231.58999633789062,6685272
2025-03-19 14:00:00+00:00,232.86990356445312,233.22999572753906,229.60000610351562,230.2696990966797,6060639
2025-03-19 14:15:00+00:00,231.3332977294922,233.82000732421875,231.13999938964844,232.8679962158203,4510685
2025-03-19 14:30:00+00:00,230.9573974609375,231.97650146484375,230.4199981689453,231.30999755859375,3498122
2025-03-19 14:45:00+00:00,231.13999938964844,232.1999969482422,230.50999450683594,230.99000549316406,2720351
2025-03-19 15:00:00+00:00,233.39999389648438,233.67999267578125,230.7899932861328,231.09849548339844,2946309
2025-03-19 15:15:00+00:00,235.4149932861328,235.5,232.47999572753906,233.39500427246094,4190465
2025-03-19 15:30:00+00:00,236.94000244140625,237.02000427246094,234.6199951171875,235.42999267578125,4031263
2025-03-19 15:45:00+00:00,235.5500030517578,237.07000732421875,235.27000427246094,236.94000244140625,3723085
2025-03-19 16:00:00+00:00,235.31930541992188,236.02000427246094,234.74000549316406,235.52000427246094,2415618
2025-03-19 16:15:00+00:00,235.17999267578125,235.58999633789062,234.71009826660156,235.32000732421875,1769222
2025-03-19 16:30:00+00:00,234.01499938964844,235.20449829101562,233.7100067138672,235.13999938964844,2341633
2025-03-19 16:45:00+00:00,234.83200073242188,234.83200073242188,233.75,234.01499938964844,1766722
2025-03-19 17:00:00+00:00,233.55780029296875,235.19000244140625,233.3699951171875,234.85000610351562,2114994
2025-03-19 17:15:00+00:00,234.35079956054688,234.8000030517578,233.39010620117188,233.5699005126953,1708793
2025-03-19 17:30:00+00:00,233.97999572753906,234.98989868164062,233.77999877929688,234.3350067138672,1617399
2025-03-19 17:45:00+00:00,232.9499969482422,234.05999755859375,232.60009765625,233.94500732421875,2112621
2025-03-19 18:00:00+00:00,234.09010314941406,235.14999389648438,232.07000732421875,232.85000610351562,4337408
2025-03-19 18:15:00+00:00,233.4149932861328,235.14990234375,233.1999969482422,234.08999633789062,2501478
2025-03-19 18:30:00+00:00,235.125,235.47999572753906,233.4199981689453,233.4199981689453,3343329
2025-03-19 18:45:00+00:00,237.47000122070312,237.6999969482422,234.3300018310547,235.10000610351562,3740433
2025-03-19 19:00:00+00:00,240.21499633789062,241.41000366210938,237.3000030517578,237.4600067138672,6771159
2025-03-19 19:15:00+00:00,235.2969970703125,240.5500030517578,235.00999450683594,240.27000427246094,6054245
2025-03-19 19:30:00+00:00,237.97000122070312,238.14999389648438,235.13999938964844,235.2899932861328,4557117
2025-03-19 19:45:00+00:00,235.72999572753906,238.006103515625,235.30999755859375,237.97999572753906,5097613
2025-03-20 13:30:00+00:00,233.3800048828125,235.89999389648438,232.1300048828125,233.34500122070312,14419181
2025-03-20 13:45:00+00:00,235.9364013671875,236.32369995117188,232.89999389648438,233.375,5784885
2025-03-20 14:00:00+00:00,236.4250030517578,237.3887939453125,235.11000061035156,235.97000122070312,5098312
2025-03-20 14:15:00+00:00,236.5399932861328,238.0,235.33819580078125,236.4499969482422,4157639
2025-03-20 14:30:00+00:00,236.32339477539062,236.87930297851562,235.3300018310547,236.5,3136777
2025-03-20 14:45:00+00:00,236.35000610351562,237.07989501953125,235.9600067138672,236.31500244140625,2636261
2025-03-20 15:00:00+00:00,236.28500366210938,236.58270263671875,234.8699951171875,236.35000610351562,2910055
2025-03-20 15:15:00+00:00,234.07440185546875,236.3000030517578,233.77000427246094,236.26499938964844,2958917
2025-03-20 15:30:00+00:00,231.5,234.0399932861328,230.0500946044922,234.0399932861328,7722081
2025-03-20 15:45:00+00:00,231.92999267578125,233.4600067138672,231.41200256347656,231.50999450683594,3849563
2025-03-20 16:00:00+00:00,233.06590270996094,233.88999938964844,231.6199951171875,231.93499755859375,3101578
2025-03-20 16:15:00+00:00,231.90980529785156,233.49000549316406,231.60000610351562,233.10000610351562,2803167
2025-03-20 16:30:00+00:00,233.0,233.9600067138672,231.85890197753906,231.85890197753906,2489280
2025-03-20 16:45:00+00:00,233.42999267578125,234.13999938964844,232.6999969482422,232.96499633789062,1931430
2025-03-20 17:00:00+00:00,235.3300018310547,235.6898956298828,233.1501007080078,233.3800048828125,3315734
2025-03-20 17:15:00+00:00,234.2700958251953,235.58999633789062,234.17999267578125,235.35000610351562,2013247
2025-03-20 17:30:00+00:00,236.22999572753906,236.5,234.1501007080078,234.35000610351562,2760602
2025-03-20 17:45:00+00:00,234.86000061035156,236.64999389648438,234.64999389648438,236.22999572753906,2214685
2025-03-20 18:00:00+00:00,234.4600067138672,235.17999267578125,234.05999755859375,234.88999938964844,1810397
2025-03-20 18:15:00+00:00,232.47500610351562,234.69900512695312,232.35000610351562,234.6300048828125,2648738
2025-03-20 18:30:00+00:00,231.91000366210938,233.25,231.88999938964844,232.44000244140625,2565672
2025-03-20 18:45:00+00:00,232.42999267578125,233.83999633789062,231.89999389648438,231.89999389648438,2319769
2025-03-20 19:00:00+00:00,233.4105987548828,234.0500030517578,232.32000732421875,232.45249938964844,1778997
2025-03-20 19:15:00+00:00,233.69000244140625,235.0800018310547,233.3300018310547,233.41000366210938,2567912
2025-03-20 19:30:00+00:00,234.57769775390625,234.57989501953125,233.6800994873047,233.7100067138672,2195767
2025-03-20 19:45:00+00:00,236.25,236.25999450683594,234.36000061035156,234.56350708007812,4108024
2025-03-21 13:30:00+00:00,241.9499969482422,242.35000610351562,234.5625,234.98500061035156,18429814
2025-03-21 13:45:00+00:00,241.59500122070312,243.75999450683594,240.81100463867188,242.0,8105874
2025-03-21 14:00:00+00:00,239.05999755859375,242.4199981689453,238.5399932861328,241.5,6917668
2025-03-21 14:15:00+00:00,238.92990112304688,239.72000122070312,237.16000366210938,239.00430297851562,6352793
2025-03-21 14:30:00+00:00,239.99969482421875,240.33779907226562,237.85800170898438,238.9199981689453,4017860
2025-03-21 14:45:00+00:00,241.2799072265625,241.41000366210938,239.55999755859375,239.91000366210938,3645655
2025-03-21 15:00:00+00:00,242.10009765625,242.6790008544922,240.802001953125,241.3000030517578,3725161
2025-03-21 15:15:00+00:00,240.25,242.1999969482422,240.0,242.1199951171875,3094798
2025-03-21 15:30:00+00:00,239.60000610351562,241.28439331054688,239.27999877929688,240.2899932861328,2659500
2025-03-21 15:45:00+00:00,241.2299041748047,241.57240295410156,239.52999877929688,239.5800018310547,2584696
2025-03-21 16:00:00+00:00,243.085693359375,243.52000427246094,240.0399932861328,241.14999389648438,3392691
2025-03-21 16:15:00+00:00,244.9499969482422,245.00999450683594,242.8000030517578,243.14520263671875,4209485
2025-03-21 16:30:00+00:00,245.3300018310547,246.4199981689453,244.8000030517578,244.9199981689453,5033600
2025-03-21 16:45:00+00:00,246.7982940673828,246.8800048828125,244.9219970703125,245.30999755859375,3603768
2025-03-21 17:00:00+00:00,244.85580444335938,246.8000030517578,244.6501007080078,246.8000030517578,4150999
2025-03-21 17:15:00+00:00,245.36000061035156,245.8560028076172,244.44000244140625,244.83999633789062,2667185
2025-03-21 17:30:00+00:00,247.15809631347656,247.47999572753906,245.16000366210938,245.3699951171875,3638095
2025-03-21 17:45:00+00:00,246.25999450683594,247.55999755859375,246.01699829101562,247.17999267578125,2605021
2025-03-21 18:00:00+00:00,246.3800048828125,247.21499633789062,245.80999755859375,246.27999877929688,2235587
2025-03-21 18:15:00+00:00,246.0749969482422,246.85000610351562,245.74000549316406,246.36549377441406,2012701
2025-03-21 18:30:00+00:00,247.20579528808594,247.41000366210938,245.92999267578125,246.07000732421875,2340487
2025-03-21 18:45:00+00:00,246.1199951171875,247.38999938964844,245.52000427246094,247.1699981689453,2745162
2025-03-21 19:00:00+00:00,245.6295928955078,246.14999389648438,244.52000427246094,246.11000061035156,3414355
2025-03-21 19:15:00+00:00,245.02499389648438,245.57000732421875,244.5399932861328,245.5500030517578,2928546
2025-03-21 19:30:00+00:00,246.2899932861328,246.35000610351562,244.60000610351562,245.0,3302853
2025-03-21 19:45:00+00:00,249.11500549316406,249.49000549316406,246.05999755859375,246.27000427246094,8913786
2025-03-24 13:30:00+00:00,263.45001220703125,264.389892578125,256.3299865722656,258.07501220703125,23191390
2025-03-24 13:45:00+00:00,267.5199890136719,268.1000061035156,263.010009765625,263.5299987792969,11216539
2025-03-24 14:00:00+00:00,270.2449951171875,270.3800048828125,267.0899963378906,267.5199890136719,9628404
2025-03-24 14:15:00+00:00,274.2099914550781,274.3999938964844,270.0000915527344,270.2300109863281,10953283
2025-03-24 14:30:00+00:00,271.29998779296875,274.7200012207031,270.8699951171875,274.2025146484375,9268691
2025-03-24 14:45:00+00:00,272.1400146484375,272.8599853515625,271.0,272.0,5305273
2025-03-24 15:00:00+00:00,272.1545104980469,273.59991455078125,270.70050048828125,272.1400146484375,5907249
2025-03-24 15:15:00+00:00,271.92999267578125,274.08990478515625,271.2300109863281,272.1600036621094,4509101
2025-03-24 15:30:00+00:00,270.9399108886719,272.0150146484375,270.3800048828125,271.92498779296875,4776968
2025-03-24 15:45:00+00:00,271.9554138183594,272.2919921875,270.0199890136719,270.8599853515625,4112085
2025-03-24 16:00:00+00:00,272.8550109863281,273.2799987792969,271.8599853515625,271.9800109863281,3526639
2025-03-24 16:15:00+00:00,272.3399963378906,273.2799987792969,271.54998779296875,272.82000732421875,3192013
2025-03-24 16:30:00+00:00,272.5299987792969,272.989990234375,271.7699890136719,272.3312072753906,2845250
2025-03-24 16:45:00+00:00,273.88519287109375,275.7699890136719,272.456298828125,272.5450134277344,5415356
2025-03-24 17:00:00+00:00,272.8064880371094,274.7799987792969,272.1499938964844,273.8738098144531,3384724
2025-03-24 17:15:00+00:00,274.0400085449219,274.260009765625,272.30999755859375,272.7749938964844,2885550
2025-03-24 17:30:00+00:00,274.43798828125,275.0,273.7424011230469,274.1000061035156,2877839
2025-03-24 17:45:00+00:00,274.3299865722656,274.8900146484375,273.7200012207031,274.4407958984375,2579921
2025-03-24 18:00:00+00:00,273.739990234375,275.3699951171875,273.30999755859375,274.3599853515625,3738567
2025-03-24 18:15:00+00:00,275.2300109863281,275.45001220703125,273.62200927734375,273.7699890136719,3205614
2025-03-24 18:30:00+00:00,274.69000244140625,275.44000244140625,274.17181396484375,275.239990234375,2907979
2025-03-24 18:45:00+00:00,273.8599853515625,274.94000244140625,273.7099914550781,274.6700134277344,2614060
2025-03-24 19:00:00+00:00,274.1299133300781,275.1000061035156,273.6499938964844,273.860107421875,3487215
2025-03-24 19:15:00+00:00,276.1700134277344,276.3500061035156,273.9704895019531,274.10931396484375,4871304
2025-03-24 19:30:00+00:00,276.2650146484375,276.6199951171875,275.3800048828125,276.1499938964844,5953522
2025-03-24 19:45:00+00:00,278.44000244140625,278.6400146484375,276.0335998535156,276.27789306640625,10090570
2025-03-25 13:30:00+00:00,274.0775146484375,283.5849914550781,273.010009765625,283.5,28365243
2025-03-25 13:45:00+00:00,274.92999267578125,275.33990478515625,271.2799987792969,274.0799865722656,10748419
2025-03-25 14:00:00+00:00,275.75,275.9999084472656,271.42010498046875,274.9800109863281,7591593
2025-03-25 14:15:00+00:00,277.154296875,277.4800109863281,274.95001220703125,275.760009765625,6861789
2025-03-25 14:30:00+00:00,279.510009765625,279.7099914550781,276.1700134277344,277.19000244140625,7087058
2025-03-25 14:45:00+00:00,277.5,279.59210205078125,277.2099914550781,279.5,5262694
2025-03-25 15:00:00+00:00,277.43499755859375,278.6199951171875,276.8599853515625,277.4599914550781,3808323
2025-03-25 15:15:00+00:00,277.7300109863281,278.5,277.4324951171875,277.4444885253906,2836396
2025-03-25 15:30:00+00:00,277.06500244140625,277.8194885253906,275.1499938964844,277.7200012207031,4386628
2025-03-25 15:45:00+00:00,277.2900085449219,277.8900146484375,276.5,277.0199890136719,2837399
2025-03-25 16:00:00+00:00,277.8445129394531,279.20001220703125,277.2900085449219,277.32000732421875,3621348
2025-03-25 16:15:00+00:00,278.07000732421875,278.67999267578125,277.239990234375,277.8500061035156,2092999
2025-03-25 16:30:00+00:00,279.09649658203125,279.4100036621094,277.7001037597656,278.1199951171875,2623115
2025-03-25 16:45:00+00:00,279.03289794921875,280.7200012207031,278.75,279.08599853515625,3643294
2025-03-25 17:00:00+00:00,278.72930908203125,280.1300048828125,278.5199890136719,279.0199890136719,3069154
2025-03-25 17:15:00+00:00,277.2441101074219,278.8999938964844,277.0,278.7300109863281,3151980
2025-03-25 17:30:00+00:00,278.42779541015625,278.94989013671875,277.260009765625,277.260009765625,2280264
2025-03-25 17:45:00+00:00,277.8550109863281,278.8699951171875,277.79998779296875,278.4010009765625,1818498
2025-03-25 18:00:00+00:00,279.56500244140625,279.6499938964844,277.1499938964844,277.7699890136719,2584445
2025-03-25 18:15:00+00:00,279.6700134277344,280.627685546875,279.4200134277344,279.54998779296875,3081409
2025-03-25 18:30:00+00:00,281.5199890136719,281.61968994140625,279.4410095214844,279.7300109863281,3299815
2025-03-25 18:45:00+00:00,282.1499938964844,283.7699890136719,281.1600036621094,281.54998779296875,5320985
2025-03-25 19:00:00+00:00,283.989990234375,284.0985107421875,281.6199951171875,282.1199951171875,4574977
2025-03-25 19:15:00+00:00,284.54998779296875,284.8699951171875,283.1199951171875,283.989990234375,4673503
2025-03-25 19:30:00+00:00,286.5299987792969,286.82989501953125,284.35418701171875,284.5400085449219,6372328
2025-03-25 19:45:00+00:00,288.1499938964844,288.20001220703125,285.3699951171875,286.5799865722656,8979911
2025-03-26 13:30:00+00:00,283.4060974121094,284.4800109863281,280.4200134277344,282.635009765625,15512085
2025-03-26 13:45:00+00:00,278.8044128417969,284.8999938964844,277.6099853515625,283.44000244140625,9369446
2025-03-26 14:00:00+00:00,277.17999267578125,280.6300048828125,275.70001220703125,278.8299865722656,8546514
2025-03-26 14:15:00+00:00,275.8699951171875,277.3988037109375,272.6000061035156,277.25,9983821
2025-03-26 14:30:00+00:00,277.1169128417969,277.9700012207031,275.07000732421875,275.8550109863281,5406366
2025-03-26 14:45:00+00:00,276.8999938964844,278.5299987792969,275.17010498046875,277.0799865722656,5275004
2025-03-26 15:00:00+00:00,278.1308898925781,278.44488525390625,276.75,277.6650085449219,3713523
2025-03-26 15:15:00+00:00,276.4800109863281,279.3280029296875,275.54998779296875,278.0848083496094,5228607
2025-03-26 15:30:00+00:00,276.8500061035156,277.7799987792969,276.0299987792969,276.5299987792969,2988731
2025-03-26 15:45:00+00:00,273.8900146484375,277.3999938964844,273.6000061035156,276.8999938964844,4575282
2025-03-26 16:00:00+00:00,273.6199951171875,274.7898864746094,272.79998779296875,273.8599853515625,4711121
2025-03-26 16:15:00+00:00,274.3800048828125,274.777587890625,273.2168884277344,273.6300048828125,2997264
2025-03-26 16:30:00+00:00,272.92498779296875,275.0,272.8599853515625,274.3800048828125,3347828
2025-03-26 16:45:00+00:00,270.05999755859375,273.3599853515625,269.6499938964844,272.8900146484375,6498275
2025-03-26 17:00:00+00:00,271.1000061035156,271.7099914550781,269.78009033203125,270.07000732421875,3970492
2025-03-26 17:15:00+00:00,270.8949890136719,271.69000244140625,270.25,271.1000061035156,2873467
2025-03-26 17:30:00+00:00,272.6499938964844,273.0,268.6600036621094,270.8949890136719,5645212
2025-03-26 17:45:00+00:00,270.7640075683594,273.49969482421875,270.3399963378906,272.7699890136719,3789442
2025-03-26 18:00:00+00:00,271.6400146484375,272.339111328125,269.7300109863281,270.79998779296875,3549158
2025-03-26 18:15:00+00:00,271.67999267578125,272.5799865722656,271.20001220703125,271.6499938964844,2641064
2025-03-26 18:30:00+00:00,270.1235046386719,272.46990966796875,270.0,271.6216125488281,2940207
2025-03-26 18:45:00+00:00,269.6700134277344,270.9200134277344,269.5799865722656,270.0799865722656,3132800
2025-03-26 19:00:00+00:00,268.864990234375,270.70001220703125,268.2799987792969,269.6600036621094,3942932
2025-03-26 19:15:00+00:00,267.75421142578125,269.8399963378906,267.2500915527344,268.5885009765625,4100300
2025-03-26 19:30:00+00:00,268.5,268.7699890136719,266.510009765625,267.7799987792969,5298127
2025-03-26 19:45:00+00:00,271.989990234375,272.57281494140625,268.0,268.5400085449219,8515574
